model_id,rmse,mse,mae,rmsle,mean_residual_deviance
GLM_1_AutoML_9_20251217_13218,0.0088827581206012,7.890339182910799e-05,0.0038367657170923,0.0051992537474459,7.890339182910799e-05
GBM_5_AutoML_9_20251217_13218,0.0398380179483735,0.0015870676740549,0.0017149316521455,0.0056914191422309,0.0015870676740549
GBM_3_AutoML_9_20251217_13218,0.0496825617328081,0.0024683569403342,0.0031725538481766,0.0078944903346295,0.0024683569403342
GBM_2_AutoML_9_20251217_13218,0.0501375130220489,0.0025137702120361,0.0047271084971526,0.0097436594395342,0.0025137702120361
GBM_4_AutoML_9_20251217_13218,0.0503742994942212,0.0025375700495335,0.0026923181952865,0.0071629620152226,0.0025375700495335
DRF_1_AutoML_9_20251217_13218,0.0685688579732316,0.0047016882837532,0.002677776625384,0.0085479939471551,0.0047016882837532
GBM_1_AutoML_9_20251217_13218,0.081202129733634,0.0065937858732779,0.0143999609858384,0.0206901145040943,0.0065937858732779
XRT_1_AutoML_9_20251217_13218,0.2538586789388633,0.0644442288725848,0.2402344266883013,0.202832743716968,0.0644442288725848
