model,run_id,val_rmse,val_mae,val_r2,test_rmse,test_mae,test_r2
collisions_random_forest,5e44f5b9d8c248a6bfdc0aea75f01ccc,0.08464185835652777,0.018081395348837206,0.9851743844432009,0.14707164093586353,0.030810810810810815,0.9631782855366441
collisions_gradient_boosting,91c5d0a5e7ba44a78817e4ca67a9ac29,0.5258472645619636,0.3808562576407353,0.42778189803933153,0.6060690426334608,0.3881189497152104,0.3746972590390949
collisions_elastic_net,247f0bf456af48a3a8a2f4ce91337297,0.15397518192199178,0.12430436767501019,0.9509381629076816,0.17625419121711303,0.1262737023589946,0.9471159099679259
