model,run_id,val_rmse,val_mae,val_r2,test_rmse,test_mae,test_r2
collisions_random_forest,8376ff2987c243bf84a1446364ffd486,0.10073021433202425,0.011690911036444757,0.9770960792595044,0.16972997333154186,0.032841195668964686,0.9560511204870764
collisions_gradient_boosting,e2b0449961fa4ff0a4fbc55201ab243f,0.5714872183412124,0.39899909330197003,0.4200363709105933,0.5619321724084158,0.35874684871505036,0.35504949675726827
collisions_elastic_net,6694121a0127403ba5eb1d77e7733dd7,0.15690572380206239,0.12669639764703483,0.9562814963639901,0.1708270120634833,0.12176643135577199,0.9403965113346865
